{"cameraMode":{"drawMode":0,"name":"Shaded","section":"Shading Mode"},"sceneLighting":true,"audioPlay":false,"sceneViewState":{"m_AlwaysRefresh":false,"showFog":true,"showSkybox":true,"showFlares":true,"showImageEffects":true,"showParticleSystems":true,"showVisualEffectGraphs":true,"m_FxEnabled":true},"in2DMode":false,"pivot":{"x":368.6205139160156,"y":273.24029541015627,"z":-6.857156276702881},"rotation":{"x":-0.025805460289120675,"y":0.0110935028642416,"z":-0.00028617485077120364,"w":-0.9996059536933899},"size":279.15606689453127,"orthographic":false}